familia,regimen,n,d,k,algoritmo,costo,nodos,ms,ms_min,ms_max,corridas,estado
uniforme,n/2,6,12,3,fb,1.09262112,,0.001,0.00075,0.001042,3,ok
uniforme,n/2,6,12,3,bt,1.09262112,2,0.000792,0.00075,0.000834,3,ok
uniforme,n/2,6,12,3,pd,1.09262112,,0.0015,0.001292,0.001542,3,ok
uniforme,n/2,8,12,4,fb,0.9838269573,,0.001583,0.0015,0.001584,3,ok
uniforme,n/2,8,12,4,bt,0.9838269573,3,0.000792,0.000708,0.000833,3,ok
uniforme,n/2,8,12,4,pd,0.9838269573,,0.0015,0.0015,0.001875,3,ok
uniforme,n/2,10,12,5,fb,1.236432888,,0.003834,0.003458,0.003834,3,ok
uniforme,n/2,10,12,5,bt,1.236432888,11,0.0015,0.001458,0.001584,3,ok
uniforme,n/2,10,12,5,pd,1.236432888,,0.002125,0.002,0.00225,3,ok
uniforme,n/2,12,12,6,fb,1.341752192,,0.013166,0.013083,0.013458,3,ok
uniforme,n/2,12,12,6,bt,1.341752192,24,0.002167,0.002042,0.00225,3,ok
uniforme,n/2,12,12,6,pd,1.341752192,,0.002458,0.002375,0.002667,3,ok
uniforme,n/2,14,12,7,fb,1.029896723,,0.057125,0.056875,0.057125,3,ok
uniforme,n/2,14,12,7,bt,1.029896723,24,0.002125,0.001916,0.002125,3,ok
uniforme,n/2,14,12,7,pd,1.029896723,,0.003542,0.003292,0.003792,3,ok
uniforme,n/2,16,12,8,fb,1.217782373,,0.24325,0.242083,0.243458,3,ok
uniforme,n/2,16,12,8,bt,1.217782373,45,0.003208,0.003083,0.003333,3,ok
uniforme,n/2,16,12,8,pd,1.217782373,,0.004583,0.004458,0.00475,3,ok
uniforme,n/2,18,12,9,fb,0.7714873494,,1.03925,1.034875,1.040375,3,ok
uniforme,n/2,18,12,9,bt,0.7714873494,18,0.002333,0.002125,0.002416,3,ok
uniforme,n/2,18,12,9,pd,0.7714873494,,0.005958,0.005625,0.006208,3,ok
uniforme,n/2,20,12,10,fb,1.09072276,,4.399334,4.3205,4.40625,3,ok
uniforme,n/2,20,12,10,bt,1.09072276,118,0.008541,0.008417,0.008791,3,ok
uniforme,n/2,20,12,10,pd,1.09072276,,0.007375,0.00725,0.007791,3,ok
uniforme,n/2,22,12,11,fb,1.112070804,,18.318,18.211875,18.500667,3,ok
uniforme,n/2,22,12,11,bt,1.112070804,64,0.005375,0.005375,0.0055,3,ok
uniforme,n/2,22,12,11,pd,1.112070804,,0.009333,0.009125,0.009417,3,ok
uniforme,n/2,24,12,12,fb,1.006466056,,75.890709,75.60425,76.796917,3,ok
uniforme,n/2,24,12,12,bt,1.006466056,84,0.007833,0.00775,0.007916,3,ok
uniforme,n/2,24,12,12,pd,1.006466056,,0.011375,0.011292,0.011625,3,ok
uniforme,n/2,26,12,13,fb,1.058127373,,313.830125,310.462292,317.207125,3,ok
uniforme,n/2,26,12,13,bt,1.058127373,58,0.006042,0.006041,0.006208,3,ok
uniforme,n/2,26,12,13,pd,1.058127373,,0.014125,0.014125,0.014417,3,ok
uniforme,n/2,28,12,14,fb,1.180627688,,1296.574041,1295.628084,1307.986375,3,ok
uniforme,n/2,28,12,14,bt,1.180627688,261,0.024625,0.02275,0.024875,3,ok
uniforme,n/2,28,12,14,pd,1.180627688,,0.016916,0.015916,0.017375,3,ok
uniforme,n/2,30,12,15,fb,0.9551500282,,5124.289458,5080.974333,5129.689666,3,ok
uniforme,n/2,30,12,15,bt,0.9551500282,73,0.007875,0.007625,0.008583,3,ok
uniforme,n/2,30,12,15,pd,0.9551500282,,0.021083,0.019042,0.02125,3,ok
uniforme,n/2,32,12,16,fb,0.9182165895,,21338.72883,21154.79779,21473.97908,3,ok
uniforme,n/2,32,12,16,bt,0.9182165895,67,0.007,0.006708,0.007292,3,ok
uniforme,n/2,32,12,16,pd,0.9182165895,,0.024291,0.024291,0.024458,3,ok
uniforme,n/4,8,12,2,fb,1.117123855,,0.0005,0.000417,0.000625,3,ok
uniforme,n/4,8,12,2,bt,1.117123855,1,0.000458,0.000333,0.000541,3,ok
uniforme,n/4,8,12,2,pd,1.117123855,,0.001292,0.001,0.001333,3,ok
uniforme,n/4,12,12,3,fb,0.9842043067,,0.001,0.000959,0.001042,3,ok
uniforme,n/4,12,12,3,bt,0.9842043067,12,0.000958,0.000958,0.001167,3,ok
uniforme,n/4,12,12,3,pd,0.9842043067,,0.001834,0.001792,0.002125,3,ok
uniforme,n/4,16,12,4,fb,1.057989702,,0.004625,0.004584,0.004625,3,ok
uniforme,n/4,16,12,4,bt,1.057989702,4,0.001042,0.001042,0.001125,3,ok
uniforme,n/4,16,12,4,pd,1.057989702,,0.003084,0.003083,0.003333,3,ok
uniforme,n/4,20,12,5,fb,1.009046999,,0.042459,0.042417,0.0435,3,ok
uniforme,n/4,20,12,5,bt,1.009046999,30,0.002583,0.002375,0.00275,3,ok
uniforme,n/4,20,12,5,pd,1.009046999,,0.005916,0.005791,0.006209,3,ok
uniforme,n/4,24,12,6,fb,1.371162907,,0.446042,0.445125,0.477917,3,ok
uniforme,n/4,24,12,6,bt,1.371162907,64,0.00575,0.005667,0.005791,3,ok
uniforme,n/4,24,12,6,pd,1.371162907,,0.009917,0.0095,0.010042,3,ok
uniforme,n/4,28,12,7,fb,1.048572494,,5.443,5.403542,5.480667,3,ok
uniforme,n/4,28,12,7,bt,1.048572494,94,0.009834,0.009416,0.010125,3,ok
uniforme,n/4,28,12,7,pd,1.048572494,,0.01525,0.01475,0.015291,3,ok
uniforme,n/4,32,12,8,fb,0.9496039029,,55.0235,54.991,55.244083,3,ok
uniforme,n/4,32,12,8,bt,0.9496039029,88,0.007833,0.007583,0.008,3,ok
uniforme,n/4,32,12,8,pd,0.9496039029,,0.0225,0.022208,0.023167,3,ok
uniforme,n/4,36,12,9,fb,0.8470307961,,550.808166,548.86625,558.874625,3,ok
uniforme,n/4,36,12,9,bt,0.8470307961,120,0.0145,0.014417,0.015125,3,ok
uniforme,n/4,36,12,9,pd,0.8470307961,,0.032167,0.030375,0.03225,3,ok
uniforme,n/4,40,12,10,fb,1.168754728,,5473.596708,5468.906666,5502.481708,3,ok
uniforme,n/4,40,12,10,bt,1.168754728,348,0.048125,0.047709,0.049292,3,ok
uniforme,n/4,40,12,10,pd,1.168754728,,0.044209,0.044,0.044333,3,ok
uniforme,3n/4,8,12,6,fb,1.153022481,,0.001792,0.001709,0.001875,3,ok
uniforme,3n/4,8,12,6,bt,1.153022481,5,0.000875,0.000875,0.001,3,ok
uniforme,3n/4,8,12,6,pd,1.153022481,,0.001667,0.001458,0.001791,3,ok
uniforme,3n/4,12,12,9,fb,0.8862294742,,0.0105,0.010167,0.01075,3,ok
uniforme,3n/4,12,12,9,bt,0.8862294742,44,0.002334,0.002333,0.002417,3,ok
uniforme,3n/4,12,12,9,pd,0.8862294742,,0.002375,0.002375,0.002542,3,ok
uniforme,3n/4,16,12,12,fb,1.270746832,,0.094917,0.094208,0.097666,3,ok
uniforme,3n/4,16,12,12,bt,1.270746832,42,0.002667,0.002583,0.002834,3,ok
uniforme,3n/4,16,12,12,pd,1.270746832,,0.003167,0.003083,0.003416,3,ok
uniforme,3n/4,20,12,15,fb,1.020592407,,0.955667,0.949041,0.97,3,ok
uniforme,3n/4,20,12,15,bt,1.020592407,68,0.004167,0.004083,0.004584,3,ok
uniforme,3n/4,20,12,15,pd,1.020592407,,0.004625,0.004375,0.004708,3,ok
uniforme,3n/4,24,12,18,fb,0.9600498804,,9.614917,9.59725,9.6415,3,ok
uniforme,3n/4,24,12,18,bt,0.9600498804,88,0.005125,0.005083,0.005167,3,ok
uniforme,3n/4,24,12,18,pd,0.9600498804,,0.006292,0.006292,0.006625,3,ok
uniforme,3n/4,28,12,21,fb,1.105972916,,94.627458,94.34125,95.299,3,ok
uniforme,3n/4,28,12,21,bt,1.105972916,345,0.016958,0.01625,0.017375,3,ok
uniforme,3n/4,28,12,21,pd,1.105972916,,0.008917,0.008834,0.009,3,ok
uniforme,3n/4,32,12,24,fb,0.8771543184,,937.777541,935.831875,941.069458,3,ok
uniforme,3n/4,32,12,24,bt,0.8771543184,94,0.006417,0.006416,0.006458,3,ok
uniforme,3n/4,32,12,24,pd,0.8771543184,,0.012334,0.012125,0.0125,3,ok
uniforme,3n/4,36,12,27,fb,0.9581477217,,9452.555084,9427.2325,9496.069167,3,ok
uniforme,3n/4,36,12,27,bt,0.9581477217,307,0.01575,0.015666,0.015875,3,ok
uniforme,3n/4,36,12,27,pd,0.9581477217,,0.016541,0.015625,0.01675,3,ok
estructura,n/2,6,12,3,fb,0.2564677667,,0.000791,0.000708,0.000833,3,ok
estructura,n/2,6,12,3,bt,0.2564677667,3,0.000708,0.000667,0.000833,3,ok
estructura,n/2,6,12,3,pd,0.2564677667,,0.001167,0.001125,0.0015,3,ok
estructura,n/2,8,12,4,fb,0.5957165829,,0.001417,0.001292,0.001541,3,ok
estructura,n/2,8,12,4,bt,0.5957165829,7,0.001,0.000834,0.001416,3,ok
estructura,n/2,8,12,4,pd,0.5957165829,,0.001625,0.001542,0.001709,3,ok
estructura,n/2,10,12,5,fb,0.2551840659,,0.003708,0.003625,0.003708,3,ok
estructura,n/2,10,12,5,bt,0.2551840659,14,0.001417,0.001417,0.001834,3,ok
estructura,n/2,10,12,5,pd,0.2551840659,,0.001917,0.001791,0.002541,3,ok
estructura,n/2,12,12,6,fb,0.1556714353,,0.012958,0.01275,0.013416,3,ok
estructura,n/2,12,12,6,bt,0.1556714353,15,0.0015,0.001375,0.001625,3,ok
estructura,n/2,12,12,6,pd,0.1556714353,,0.002708,0.002375,0.002917,3,ok
estructura,n/2,14,12,7,fb,0.2175628563,,0.057709,0.056209,0.059166,3,ok
estructura,n/2,14,12,7,bt,0.2175628563,25,0.002292,0.00225,0.002333,3,ok
estructura,n/2,14,12,7,pd,0.2175628563,,0.003292,0.003208,0.003375,3,ok
estructura,n/2,16,12,8,fb,0.2478140688,,0.239333,0.238542,0.244875,3,ok
estructura,n/2,16,12,8,bt,0.2478140688,29,0.003,0.002875,0.003042,3,ok
estructura,n/2,16,12,8,pd,0.2478140688,,0.004667,0.004334,0.004708,3,ok
estructura,n/2,18,12,9,fb,0.1949420134,,1.0155,0.985625,1.021666,3,ok
estructura,n/2,18,12,9,bt,0.1949420134,43,0.003875,0.00375,0.003917,3,ok
estructura,n/2,18,12,9,pd,0.1949420134,,0.005334,0.00525,0.005917,3,ok
estructura,n/2,20,12,10,fb,0.1759543597,,4.29875,4.234334,4.317125,3,ok
estructura,n/2,20,12,10,bt,0.1759543597,16,0.002458,0.002417,0.002458,3,ok
estructura,n/2,20,12,10,pd,0.1759543597,,0.007,0.006958,0.007375,3,ok
estructura,n/2,22,12,11,fb,0.1610362531,,17.918666,17.912708,17.969417,3,ok
estructura,n/2,22,12,11,bt,0.1610362531,21,0.002584,0.002583,0.0045,3,ok
estructura,n/2,22,12,11,pd,0.1610362531,,0.008417,0.00825,0.008958,3,ok
estructura,n/2,24,12,12,fb,0.1459650009,,74.203833,74.018584,74.7475,3,ok
estructura,n/2,24,12,12,bt,0.1459650009,19,0.002916,0.002875,0.003,3,ok
estructura,n/2,24,12,12,pd,0.1459650009,,0.010541,0.010417,0.011625,3,ok
estructura,n/2,26,12,13,fb,0.1915691057,,303.465417,302.481958,309.119792,3,ok
estructura,n/2,26,12,13,bt,0.1915691057,70,0.007459,0.007375,0.007542,3,ok
estructura,n/2,26,12,13,pd,0.1915691057,,0.013875,0.013625,0.014042,3,ok
estructura,n/2,28,12,14,fb,0.1843678783,,1254.49925,1248.568792,1258.937875,3,ok
estructura,n/2,28,12,14,bt,0.1843678783,45,0.005583,0.00525,0.005667,3,ok
estructura,n/2,28,12,14,pd,0.1843678783,,0.016708,0.0155,0.017,3,ok
estructura,n/2,30,12,15,fb,0.1375021253,,5177.565208,5175.226709,5200.923041,3,ok
estructura,n/2,30,12,15,bt,0.1375021253,39,0.004417,0.00425,0.004625,3,ok
estructura,n/2,30,12,15,pd,0.1375021253,,0.020208,0.020208,0.020458,3,ok
estructura,n/2,32,12,16,fb,0.1424905543,,21336.16279,21325.68608,21427.46796,3,ok
estructura,n/2,32,12,16,bt,0.1424905543,15,0.003792,0.003792,0.003834,3,ok
estructura,n/2,32,12,16,pd,0.1424905543,,0.024375,0.024166,0.02525,3,ok
estructura,n/4,8,12,2,fb,1.652565717,,0.000541,0.0005,0.000542,3,ok
estructura,n/4,8,12,2,bt,1.652565717,1,0.000542,0.000375,0.000625,3,ok
estructura,n/4,8,12,2,pd,1.652565717,,0.001042,0.001,0.001083,3,ok
estructura,n/4,12,12,3,fb,0.2190480863,,0.000959,0.000917,0.001125,3,ok
estructura,n/4,12,12,3,bt,0.2190480863,2,0.000666,0.000666,0.000875,3,ok
estructura,n/4,12,12,3,pd,0.2190480863,,0.002,0.001792,0.002209,3,ok
estructura,n/4,16,12,4,fb,0.1978904159,,0.004542,0.0045,0.004625,3,ok
estructura,n/4,16,12,4,bt,0.1978904159,5,0.00125,0.001125,0.001333,3,ok
estructura,n/4,16,12,4,pd,0.1978904159,,0.003209,0.003166,0.003625,3,ok
estructura,n/4,20,12,5,fb,0.3404024992,,0.042083,0.042,0.04325,3,ok
estructura,n/4,20,12,5,bt,0.3404024992,12,0.002458,0.00225,0.002916,3,ok
estructura,n/4,20,12,5,pd,0.3404024992,,0.005834,0.005708,0.006167,3,ok
estructura,n/4,24,12,6,fb,0.2449013321,,0.448,0.447917,0.504333,3,ok
estructura,n/4,24,12,6,bt,0.2449013321,21,0.003458,0.003292,0.003542,3,ok
estructura,n/4,24,12,6,pd,0.2449013321,,0.009583,0.0095,0.009875,3,ok
estructura,n/4,28,12,7,fb,0.2525783263,,5.401084,5.393875,5.44075,3,ok
estructura,n/4,28,12,7,bt,0.2525783263,30,0.005708,0.005708,0.005833,3,ok
estructura,n/4,28,12,7,pd,0.2525783263,,0.015166,0.015041,0.016208,3,ok
estructura,n/4,32,12,8,fb,0.2033124687,,56.073542,55.997708,56.190583,3,ok
estructura,n/4,32,12,8,bt,0.2033124687,47,0.0075,0.007458,0.007625,3,ok
estructura,n/4,32,12,8,pd,0.2033124687,,0.022542,0.022375,0.022666,3,ok
estructura,n/4,36,12,9,fb,0.2296436735,,549.556583,547.399625,550.600083,3,ok
estructura,n/4,36,12,9,bt,0.2296436735,97,0.016875,0.016875,0.017,3,ok
estructura,n/4,36,12,9,pd,0.2296436735,,0.033584,0.033084,0.033584,3,ok
estructura,n/4,40,12,10,fb,0.2049517958,,5471.771791,5464.315792,5477.427083,3,ok
estructura,n/4,40,12,10,bt,0.2049517958,82,0.012416,0.012375,0.012708,3,ok
estructura,n/4,40,12,10,pd,0.2049517958,,0.044084,0.044083,0.04475,3,ok
estructura,3n/4,8,12,6,fb,0.2297054371,,0.001959,0.001875,0.002083,3,ok
estructura,3n/4,8,12,6,bt,0.2297054371,16,0.001333,0.001333,0.001375,3,ok
estructura,3n/4,8,12,6,pd,0.2297054371,,0.00175,0.001458,0.001834,3,ok
estructura,3n/4,12,12,9,fb,0.2749987995,,0.010459,0.010167,0.010459,3,ok
estructura,3n/4,12,12,9,bt,0.2749987995,23,0.001708,0.001708,0.001875,3,ok
estructura,3n/4,12,12,9,pd,0.2749987995,,0.002292,0.002209,0.0025,3,ok
estructura,3n/4,16,12,12,fb,0.2403249616,,0.094125,0.094042,0.096333,3,ok
estructura,3n/4,16,12,12,bt,0.2403249616,92,0.0045,0.004375,0.0045,3,ok
estructura,3n/4,16,12,12,pd,0.2403249616,,0.003333,0.003125,0.003417,3,ok
estructura,3n/4,20,12,15,fb,0.1615575657,,0.952125,0.931375,0.9945,3,ok
estructura,3n/4,20,12,15,bt,0.1615575657,126,0.006208,0.006166,0.006292,3,ok
estructura,3n/4,20,12,15,pd,0.1615575657,,0.0045,0.004333,0.004709,3,ok
estructura,3n/4,24,12,18,fb,0.1891623045,,9.617166,9.602958,9.637458,3,ok
estructura,3n/4,24,12,18,bt,0.1891623045,131,0.007875,0.007709,0.007916,3,ok
estructura,3n/4,24,12,18,pd,0.1891623045,,0.006375,0.006208,0.008292,3,ok
estructura,3n/4,28,12,21,fb,0.2194289517,,94.352917,93.982083,97.629666,3,ok
estructura,3n/4,28,12,21,bt,0.2194289517,412,0.023083,0.022667,0.023208,3,ok
estructura,3n/4,28,12,21,pd,0.2194289517,,0.009125,0.008916,0.00925,3,ok
estructura,3n/4,32,12,24,fb,0.1619765624,,940.356,939.870875,942.114542,3,ok
estructura,3n/4,32,12,24,bt,0.1619765624,245,0.015833,0.01575,0.015959,3,ok
estructura,3n/4,32,12,24,pd,0.1619765624,,0.012542,0.012375,0.012792,3,ok
estructura,3n/4,36,12,27,fb,0.1798695143,,9473.278833,9438.588,9485.757583,3,ok
estructura,3n/4,36,12,27,bt,0.1798695143,295,0.021959,0.021708,0.022333,3,ok
estructura,3n/4,36,12,27,pd,0.1798695143,,0.016583,0.016375,0.016625,3,ok
adversarial,n/2,6,12,3,fb,1,,0.000834,0.00075,0.000958,3,ok
adversarial,n/2,6,12,3,bt,1,2,0.000583,0.000583,0.00075,3,ok
adversarial,n/2,6,12,3,pd,1,,0.0015,0.001209,0.001583,3,ok
adversarial,n/2,8,12,4,fb,1,,0.0015,0.001458,0.001667,3,ok
adversarial,n/2,8,12,4,bt,1,9,0.001167,0.001042,0.00125,3,ok
adversarial,n/2,8,12,4,pd,1,,0.001583,0.001458,0.001792,3,ok
adversarial,n/2,10,12,5,fb,1.414213562,,0.003833,0.003667,0.004125,3,ok
adversarial,n/2,10,12,5,bt,1.414213562,17,0.001666,0.001666,0.00175,3,ok
adversarial,n/2,10,12,5,pd,1.414213562,,0.002042,0.001958,0.002125,3,ok
adversarial,n/2,12,12,6,fb,1,,0.013208,0.013083,0.015541,3,ok
adversarial,n/2,12,12,6,bt,1,5,0.001125,0.001042,0.001125,3,ok
adversarial,n/2,12,12,6,pd,1,,0.002417,0.002417,0.003125,3,ok
adversarial,n/2,14,12,7,fb,1,,0.056541,0.055958,0.057083,3,ok
adversarial,n/2,14,12,7,bt,1,6,0.001334,0.001167,0.001375,3,ok
adversarial,n/2,14,12,7,pd,1,,0.003208,0.003125,0.003375,3,ok
adversarial,n/2,16,12,8,fb,1,,0.23925,0.2365,0.245167,3,ok
adversarial,n/2,16,12,8,bt,1,9,0.001542,0.0015,0.001709,3,ok
adversarial,n/2,16,12,8,pd,1,,0.0045,0.004416,0.0045,3,ok
adversarial,n/2,18,12,9,fb,1,,1.017083,1.013125,1.040083,3,ok
adversarial,n/2,18,12,9,bt,1,30,0.003042,0.002875,0.003125,3,ok
adversarial,n/2,18,12,9,pd,1,,0.00575,0.0055,0.005792,3,ok
adversarial,n/2,20,12,10,fb,1,,4.296,4.237708,4.299125,3,ok
adversarial,n/2,20,12,10,bt,1,13,0.002333,0.002208,0.002458,3,ok
adversarial,n/2,20,12,10,pd,1,,0.007,0.006916,0.007125,3,ok
adversarial,n/2,22,12,11,fb,1,,17.823792,17.788792,18.029833,3,ok
adversarial,n/2,22,12,11,bt,1,18,0.00275,0.00275,0.003041,3,ok
adversarial,n/2,22,12,11,pd,1,,0.008959,0.008834,0.009,3,ok
adversarial,n/2,24,12,12,fb,1,,75.419333,75.13275,76.117625,3,ok
adversarial,n/2,24,12,12,bt,1,11,0.002542,0.002375,0.002583,3,ok
adversarial,n/2,24,12,12,pd,1,,0.011167,0.011,0.011791,3,ok
adversarial,n/2,26,12,13,fb,1,,302.819167,302.388334,303.874291,3,ok
adversarial,n/2,26,12,13,bt,1,94,0.008959,0.008834,0.010708,3,ok
adversarial,n/2,26,12,13,pd,1,,0.0135,0.013167,0.014083,3,ok
adversarial,n/2,28,12,14,fb,1,,1251.18375,1248.780709,1259.701583,3,ok
adversarial,n/2,28,12,14,bt,1,56,0.006042,0.005792,0.006084,3,ok
adversarial,n/2,28,12,14,pd,1,,0.016958,0.016834,0.017125,3,ok
adversarial,n/2,30,12,15,fb,1,,5188.376959,5185.254625,5201.620625,3,ok
adversarial,n/2,30,12,15,bt,1,261,0.022,0.021917,0.02275,3,ok
adversarial,n/2,30,12,15,pd,1,,0.020208,0.020166,0.020958,3,ok
adversarial,n/2,32,12,16,fb,1.414213562,,21359.60158,21281.04096,21418.95054,3,ok
adversarial,n/2,32,12,16,bt,1.414213562,323,0.032875,0.032875,0.041542,3,ok
adversarial,n/2,32,12,16,pd,1.414213562,,0.024333,0.024167,0.024833,3,ok
adversarial,n/4,8,12,2,fb,1.414213562,,0.0005,0.000375,0.000583,3,ok
adversarial,n/4,8,12,2,bt,1.414213562,1,0.000417,0.000416,0.000458,3,ok
adversarial,n/4,8,12,2,pd,1.414213562,,0.001125,0.001041,0.001292,3,ok
adversarial,n/4,12,12,3,fb,1,,0.000917,0.000917,0.001042,3,ok
adversarial,n/4,12,12,3,bt,1,2,0.00075,0.000709,0.000917,3,ok
adversarial,n/4,12,12,3,pd,1,,0.00175,0.001584,0.001917,3,ok
adversarial,n/4,16,12,4,fb,1,,0.0045,0.004417,0.004791,3,ok
adversarial,n/4,16,12,4,bt,1,14,0.001792,0.001708,0.002125,3,ok
adversarial,n/4,16,12,4,pd,1,,0.003291,0.003083,0.003833,3,ok
adversarial,n/4,20,12,5,fb,1,,0.042667,0.042208,0.044,3,ok
adversarial,n/4,20,12,5,bt,1,17,0.002125,0.001958,0.002125,3,ok
adversarial,n/4,20,12,5,pd,1,,0.005667,0.005667,0.006,3,ok
adversarial,n/4,24,12,6,fb,1,,0.452334,0.44575,0.457958,3,ok
adversarial,n/4,24,12,6,bt,1,5,0.001667,0.001583,0.001709,3,ok
adversarial,n/4,24,12,6,pd,1,,0.009584,0.0095,0.00975,3,ok
adversarial,n/4,28,12,7,fb,1.414213562,,5.340583,5.337833,5.36425,3,ok
adversarial,n/4,28,12,7,bt,1.414213562,50,0.006791,0.006667,0.00725,3,ok
adversarial,n/4,28,12,7,pd,1.414213562,,0.015458,0.015167,0.015667,3,ok
adversarial,n/4,32,12,8,fb,1.414213562,,56.199875,55.994375,56.391375,3,ok
adversarial,n/4,32,12,8,bt,1.414213562,230,0.027333,0.026958,0.03475,3,ok
adversarial,n/4,32,12,8,pd,1.414213562,,0.022416,0.022375,0.023375,3,ok
adversarial,n/4,36,12,9,fb,1,,552.299208,549.792042,552.531083,3,ok
adversarial,n/4,36,12,9,bt,1,19,0.004291,0.004125,0.004333,3,ok
adversarial,n/4,36,12,9,pd,1,,0.032208,0.032125,0.032334,3,ok
adversarial,n/4,40,12,10,fb,1.414213562,,5496.487458,5493.304833,5516.134834,3,ok
adversarial,n/4,40,12,10,bt,1.414213562,161,0.023833,0.02375,0.023958,3,ok
adversarial,n/4,40,12,10,pd,1.414213562,,0.046,0.045084,0.046,3,ok
adversarial,3n/4,8,12,6,fb,1,,0.002166,0.001917,0.002542,3,ok
adversarial,3n/4,8,12,6,bt,1,8,0.001125,0.001083,0.001167,3,ok
adversarial,3n/4,8,12,6,pd,1,,0.001875,0.001666,0.003458,3,ok
adversarial,3n/4,12,12,9,fb,1,,0.010583,0.010291,0.010917,3,ok
adversarial,3n/4,12,12,9,bt,1,8,0.001417,0.001208,0.001667,3,ok
adversarial,3n/4,12,12,9,pd,1,,0.002167,0.002042,0.0025,3,ok
adversarial,3n/4,16,12,12,fb,1,,0.093125,0.092541,0.094959,3,ok
adversarial,3n/4,16,12,12,bt,1,56,0.003333,0.003167,0.003333,3,ok
adversarial,3n/4,16,12,12,pd,1,,0.003459,0.003167,0.003875,3,ok
adversarial,3n/4,20,12,15,fb,1,,0.942417,0.937125,0.948291,3,ok
adversarial,3n/4,20,12,15,bt,1,37,0.002834,0.002625,0.0035,3,ok
adversarial,3n/4,20,12,15,pd,1,,0.004291,0.004291,0.004625,3,ok
adversarial,3n/4,24,12,18,fb,1,,9.548959,9.522167,9.622625,3,ok
adversarial,3n/4,24,12,18,bt,1,42,0.003792,0.003708,0.003834,3,ok
adversarial,3n/4,24,12,18,pd,1,,0.006375,0.006166,0.006708,3,ok
adversarial,3n/4,28,12,21,fb,1,,95.434083,95.145416,95.558333,3,ok
adversarial,3n/4,28,12,21,bt,1,25,0.003167,0.003084,0.003459,3,ok
adversarial,3n/4,28,12,21,pd,1,,0.00875,0.0085,0.008917,3,ok
adversarial,3n/4,32,12,24,fb,1,,948.907208,947.512833,954.897333,3,ok
adversarial,3n/4,32,12,24,bt,1,74,0.005667,0.0055,0.005709,3,ok
adversarial,3n/4,32,12,24,pd,1,,0.012417,0.012417,0.0135,3,ok
adversarial,3n/4,36,12,27,fb,1,,9453.825667,9436.08725,9464.712834,3,ok
adversarial,3n/4,36,12,27,bt,1,69,0.006916,0.006458,0.006959,3,ok
adversarial,3n/4,36,12,27,pd,1,,0.016667,0.016666,0.016792,3,ok
