familia,serie,n,d,k,configuracion,nodos,costo,ms,ms_min,ms_max,corridas,estado
uniforme,vs_n,8,12,4,ninguna,64,0.9838269573,0.001625,0.0015,0.001666,3,ok
uniforme,vs_n,8,12,4,factibilidad,36,0.9838269573,0.001458,0.001375,0.0015,3,ok
uniforme,vs_n,8,12,4,optimalidad,4,0.9838269573,0.00075,0.000708,0.000917,3,ok
uniforme,vs_n,8,12,4,ambas,3,0.9838269573,0.00075,0.000708,0.000792,3,ok
uniforme,vs_n,10,12,5,ninguna,256,1.236432888,0.00375,0.003709,0.00375,3,ok
uniforme,vs_n,10,12,5,factibilidad,140,1.236432888,0.0025,0.002333,0.002583,3,ok
uniforme,vs_n,10,12,5,optimalidad,20,1.236432888,0.001875,0.001834,0.001916,3,ok
uniforme,vs_n,10,12,5,ambas,11,1.236432888,0.001334,0.001333,0.001375,3,ok
uniforme,vs_n,12,12,6,ninguna,1024,1.341752192,0.01225,0.012167,0.012375,3,ok
uniforme,vs_n,12,12,6,factibilidad,540,1.341752192,0.007042,0.006625,0.007208,3,ok
uniforme,vs_n,12,12,6,optimalidad,46,1.341752192,0.003166,0.002833,0.0035,3,ok
uniforme,vs_n,12,12,6,ambas,24,1.341752192,0.002542,0.001875,0.002708,3,ok
uniforme,vs_n,14,12,7,ninguna,4096,1.029896723,0.046541,0.045208,0.051417,3,ok
uniforme,vs_n,14,12,7,factibilidad,2079,1.029896723,0.0245,0.024125,0.028584,3,ok
uniforme,vs_n,14,12,7,optimalidad,31,1.029896723,0.00275,0.002417,0.002958,3,ok
uniforme,vs_n,14,12,7,ambas,24,1.029896723,0.002167,0.001958,0.002334,3,ok
uniforme,vs_n,16,12,8,ninguna,16384,1.217782373,0.184208,0.180666,0.220666,3,ok
uniforme,vs_n,16,12,8,factibilidad,8008,1.217782373,0.089208,0.08775,0.089459,3,ok
uniforme,vs_n,16,12,8,optimalidad,71,1.217782373,0.004959,0.004792,0.005166,3,ok
uniforme,vs_n,16,12,8,ambas,45,1.217782373,0.003041,0.003,0.00325,3,ok
uniforme,vs_n,18,12,9,ninguna,65536,0.7714873494,0.722625,0.710208,0.729875,3,ok
uniforme,vs_n,18,12,9,factibilidad,30888,0.7714873494,0.341625,0.33525,0.342375,3,ok
uniforme,vs_n,18,12,9,optimalidad,32,0.7714873494,0.003167,0.003041,0.0035,3,ok
uniforme,vs_n,18,12,9,ambas,18,0.7714873494,0.001958,0.001833,0.002125,3,ok
uniforme,vs_n,20,12,10,ninguna,262144,1.09072276,2.850458,2.798833,2.944458,3,ok
uniforme,vs_n,20,12,10,factibilidad,119340,1.09072276,1.326625,1.294542,1.329209,3,ok
uniforme,vs_n,20,12,10,optimalidad,175,1.09072276,0.012541,0.011875,0.012583,3,ok
uniforme,vs_n,20,12,10,ambas,118,1.09072276,0.008125,0.008125,0.00825,3,ok
uniforme,vs_n,22,12,11,ninguna,1048576,1.112070804,11.303625,11.238833,11.337125,3,ok
uniforme,vs_n,22,12,11,factibilidad,461890,1.112070804,4.94225,4.936458,4.944916,3,ok
uniforme,vs_n,22,12,11,optimalidad,99,1.112070804,0.00825,0.008042,0.008333,3,ok
uniforme,vs_n,22,12,11,ambas,64,1.112070804,0.005041,0.004917,0.00525,3,ok
uniforme,vs_n,24,12,12,ninguna,4194304,1.006466056,46.230125,46.11325,46.668083,3,ok
uniforme,vs_n,24,12,12,factibilidad,1790712,1.006466056,19.365875,19.347458,19.662458,3,ok
uniforme,vs_n,24,12,12,optimalidad,109,1.006466056,0.011417,0.011292,0.011583,3,ok
uniforme,vs_n,24,12,12,ambas,84,1.006466056,0.007375,0.007375,0.00775,3,ok
uniforme,vs_n,26,12,13,ninguna,16777216,1.058127373,178.551833,177.48925,180.286584,3,ok
uniforme,vs_n,26,12,13,factibilidad,6953544,1.058127373,74.748375,74.2735,74.900458,3,ok
uniforme,vs_n,26,12,13,optimalidad,101,1.058127373,0.009541,0.009416,0.009834,3,ok
uniforme,vs_n,26,12,13,ambas,58,1.058127373,0.005916,0.005542,0.005958,3,ok
uniforme,vs_n,28,12,14,ninguna,67108864,1.180627688,703.472834,702.623041,715.019792,3,ok
uniforme,vs_n,28,12,14,factibilidad,27041560,1.180627688,291.05475,283.210125,302.875208,3,ok
uniforme,vs_n,28,12,14,optimalidad,422,1.180627688,0.040708,0.040291,0.04075,3,ok
uniforme,vs_n,28,12,14,ambas,261,1.180627688,0.02425,0.024125,0.024334,3,ok
uniforme,vs_k,24,12,2,ninguna,24,1.257328022,0.000792,0.00075,0.000916,3,ok
uniforme,vs_k,24,12,2,factibilidad,2,1.257328022,0.0005,0.000459,0.000542,3,ok
uniforme,vs_k,24,12,2,optimalidad,10,1.257328022,0.000958,0.000958,0.001042,3,ok
uniforme,vs_k,24,12,2,ambas,1,1.257328022,0.000417,0.000333,0.0005,3,ok
uniforme,vs_k,24,12,4,ninguna,2048,1.207994151,0.026583,0.026167,0.02675,3,ok
uniforme,vs_k,24,12,4,factibilidad,484,1.207994151,0.007167,0.007125,0.007208,3,ok
uniforme,vs_k,24,12,4,optimalidad,103,1.207994151,0.00925,0.009083,0.009792,3,ok
uniforme,vs_k,24,12,4,ambas,55,1.207994151,0.004458,0.004375,0.004708,3,ok
uniforme,vs_k,24,12,6,ninguna,44552,1.371162907,0.537708,0.535834,0.576833,3,ok
uniforme,vs_k,24,12,6,factibilidad,16170,1.371162907,0.199625,0.198167,0.228333,3,ok
uniforme,vs_k,24,12,6,optimalidad,110,1.371162907,0.009,0.008958,0.009125,3,ok
uniforme,vs_k,24,12,6,ambas,64,1.371162907,0.005792,0.0055,0.005917,3,ok
uniforme,vs_k,24,12,8,ninguna,390656,0.8950914591,4.5755,4.508833,4.582125,3,ok
uniforme,vs_k,24,12,8,factibilidad,175560,0.8950914591,2.04725,2.046916,2.106917,3,ok
uniforme,vs_k,24,12,8,optimalidad,28,0.8950914591,0.00375,0.003583,0.004458,3,ok
uniforme,vs_k,24,12,8,ambas,20,0.8950914591,0.002667,0.002542,0.002667,3,ok
uniforme,vs_k,24,12,10,ninguna,1698160,0.9299023192,19.130417,18.978166,19.25725,3,ok
uniforme,vs_k,24,12,10,factibilidad,810084,0.9299023192,9.122625,9.077708,9.154333,3,ok
uniforme,vs_k,24,12,10,optimalidad,58,0.9299023192,0.006583,0.006542,0.006959,3,ok
uniforme,vs_k,24,12,10,ambas,34,0.9299023192,0.004208,0.004166,0.004459,3,ok
uniforme,vs_k,24,12,12,ninguna,4194304,1.006466056,45.364542,45.355416,46.006667,3,ok
uniforme,vs_k,24,12,12,factibilidad,1790712,1.006466056,19.343583,19.202583,19.563084,3,ok
uniforme,vs_k,24,12,12,optimalidad,109,1.006466056,0.011791,0.011084,0.013792,3,ok
uniforme,vs_k,24,12,12,ambas,84,1.006466056,0.007375,0.007167,0.007584,3,ok
uniforme,vs_k,24,12,14,ninguna,6690448,0.7661906779,70.39,69.9955,70.642792,3,ok
uniforme,vs_k,24,12,14,factibilidad,1998724,0.7661906779,20.210833,20.203083,20.277916,3,ok
uniforme,vs_k,24,12,14,optimalidad,129,0.7661906779,0.010459,0.010375,0.010667,3,ok
uniforme,vs_k,24,12,14,ambas,80,0.7661906779,0.005792,0.005583,0.005834,3,ok
uniforme,vs_k,24,12,16,ninguna,7997952,0.9420133642,82.547958,82.157792,82.81475,3,ok
uniforme,vs_k,24,12,16,factibilidad,1136960,0.9420133642,10.86325,10.863125,10.919333,3,ok
uniforme,vs_k,24,12,16,optimalidad,140,0.9420133642,0.011167,0.011,0.0115,3,ok
uniforme,vs_k,24,12,16,ambas,102,0.9420133642,0.006541,0.006416,0.006667,3,ok
uniforme,vs_k,24,12,18,ninguna,8344056,0.9600498804,85.27375,83.974459,86.002333,3,ok
uniforme,vs_k,24,12,18,factibilidad,319770,0.9600498804,2.837791,2.834959,2.938958,3,ok
uniforme,vs_k,24,12,18,optimalidad,121,0.9600498804,0.009542,0.009334,0.009584,3,ok
uniforme,vs_k,24,12,18,ambas,88,0.9600498804,0.005042,0.004959,0.005417,3,ok
uniforme,vs_k,24,12,20,ninguna,8386560,0.9745516686,86.294375,85.837916,87.026375,3,ok
uniforme,vs_k,24,12,20,factibilidad,40964,0.9745516686,0.340917,0.339417,0.360208,3,ok
uniforme,vs_k,24,12,20,optimalidad,108,0.9745516686,0.0085,0.008458,0.008917,3,ok
uniforme,vs_k,24,12,20,ambas,58,0.9745516686,0.003583,0.0035,0.003625,3,ok
uniforme,vs_k,24,12,22,ninguna,8388584,0.8793867751,85.663166,85.421792,85.728375,3,ok
uniforme,vs_k,24,12,22,factibilidad,2002,0.8793867751,0.017041,0.016291,0.017959,3,ok
uniforme,vs_k,24,12,22,optimalidad,60,0.8793867751,0.005792,0.005667,0.005917,3,ok
uniforme,vs_k,24,12,22,ambas,26,0.8793867751,0.001916,0.001875,0.001917,3,ok
uniforme,vs_k,24,12,24,ninguna,8388608,0,84.8105,84.733,85.871792,3,ok
uniforme,vs_k,24,12,24,factibilidad,24,0,0.001208,0.001208,0.00125,3,ok
uniforme,vs_k,24,12,24,optimalidad,1,0,0.001375,0.001333,0.001375,3,ok
uniforme,vs_k,24,12,24,ambas,1,0,0.001125,0.001042,0.001208,3,ok
estructura,vs_n,8,12,4,ninguna,64,0.5957165829,0.0015,0.001458,0.002083,3,ok
estructura,vs_n,8,12,4,factibilidad,36,0.5957165829,0.001125,0.001125,0.001167,3,ok
estructura,vs_n,8,12,4,optimalidad,15,0.5957165829,0.001292,0.001167,0.001333,3,ok
estructura,vs_n,8,12,4,ambas,7,0.5957165829,0.000917,0.000916,0.000958,3,ok
estructura,vs_n,10,12,5,ninguna,256,0.2551840659,0.003792,0.00375,0.003875,3,ok
estructura,vs_n,10,12,5,factibilidad,140,0.2551840659,0.002625,0.002417,0.002875,3,ok
estructura,vs_n,10,12,5,optimalidad,25,0.2551840659,0.002,0.001917,0.002041,3,ok
estructura,vs_n,10,12,5,ambas,14,0.2551840659,0.0015,0.001458,0.001625,3,ok
estructura,vs_n,12,12,6,ninguna,1024,0.1556714353,0.012333,0.012208,0.012458,3,ok
estructura,vs_n,12,12,6,factibilidad,540,0.1556714353,0.006958,0.006875,0.007166,3,ok
estructura,vs_n,12,12,6,optimalidad,27,0.1556714353,0.002208,0.002208,0.002375,3,ok
estructura,vs_n,12,12,6,ambas,15,0.1556714353,0.001583,0.0015,0.001583,3,ok
estructura,vs_n,14,12,7,ninguna,4096,0.2175628563,0.046125,0.046083,0.046209,3,ok
estructura,vs_n,14,12,7,factibilidad,2079,0.2175628563,0.024083,0.023833,0.024416,3,ok
estructura,vs_n,14,12,7,optimalidad,42,0.2175628563,0.003166,0.003125,0.003625,3,ok
estructura,vs_n,14,12,7,ambas,25,0.2175628563,0.002292,0.002042,0.002375,3,ok
estructura,vs_n,16,12,8,ninguna,16384,0.2478140688,0.181541,0.181375,0.183667,3,ok
estructura,vs_n,16,12,8,factibilidad,8008,0.2478140688,0.087167,0.086959,0.087583,3,ok
estructura,vs_n,16,12,8,optimalidad,50,0.2478140688,0.004375,0.00425,0.004583,3,ok
estructura,vs_n,16,12,8,ambas,29,0.2478140688,0.002958,0.002834,0.003,3,ok
estructura,vs_n,18,12,9,ninguna,65536,0.1949420134,0.709917,0.692625,0.729584,3,ok
estructura,vs_n,18,12,9,factibilidad,30888,0.1949420134,0.335708,0.334,0.340792,3,ok
estructura,vs_n,18,12,9,optimalidad,59,0.1949420134,0.00525,0.005166,0.005375,3,ok
estructura,vs_n,18,12,9,ambas,43,0.1949420134,0.003709,0.003584,0.003917,3,ok
estructura,vs_n,20,12,10,ninguna,262144,0.1759543597,2.86975,2.844541,2.876625,3,ok
estructura,vs_n,20,12,10,factibilidad,119340,0.1759543597,1.307916,1.286416,1.333667,3,ok
estructura,vs_n,20,12,10,optimalidad,24,0.1759543597,0.003125,0.003042,0.003167,3,ok
estructura,vs_n,20,12,10,ambas,16,0.1759543597,0.00225,0.002208,0.00225,3,ok
estructura,vs_n,22,12,11,ninguna,1048576,0.1610362531,11.242292,11.19525,11.393041,3,ok
estructura,vs_n,22,12,11,factibilidad,461890,0.1610362531,4.966417,4.91925,4.988667,3,ok
estructura,vs_n,22,12,11,optimalidad,35,0.1610362531,0.003875,0.003833,0.004167,3,ok
estructura,vs_n,22,12,11,ambas,21,0.1610362531,0.002542,0.002542,0.002625,3,ok
estructura,vs_n,24,12,12,ninguna,4194304,0.1459650009,45.455042,45.3395,45.561917,3,ok
estructura,vs_n,24,12,12,factibilidad,1790712,0.1459650009,19.413917,19.02175,19.480417,3,ok
estructura,vs_n,24,12,12,optimalidad,31,0.1459650009,0.004,0.003958,0.00425,3,ok
estructura,vs_n,24,12,12,ambas,19,0.1459650009,0.002917,0.002833,0.003042,3,ok
estructura,vs_n,26,12,13,ninguna,16777216,0.1915691057,176.71975,176.672292,178.980042,3,ok
estructura,vs_n,26,12,13,factibilidad,6953544,0.1915691057,74.112416,73.936708,75.189542,3,ok
estructura,vs_n,26,12,13,optimalidad,99,0.1915691057,0.010834,0.01075,0.010917,3,ok
estructura,vs_n,26,12,13,ambas,70,0.1915691057,0.007375,0.007292,0.0075,3,ok
estructura,vs_n,28,12,14,ninguna,67108864,0.1843678783,702.686416,698.989333,715.194416,3,ok
estructura,vs_n,28,12,14,factibilidad,27041560,0.1843678783,283.188959,282.559208,286.586,3,ok
estructura,vs_n,28,12,14,optimalidad,71,0.1843678783,0.008584,0.0085,0.008792,3,ok
estructura,vs_n,28,12,14,ambas,45,0.1843678783,0.005708,0.005667,0.00575,3,ok
estructura,vs_k,24,12,2,ninguna,24,1.468755966,0.000792,0.000792,0.000875,3,ok
estructura,vs_k,24,12,2,factibilidad,2,1.468755966,0.0005,0.000375,0.0005,3,ok
estructura,vs_k,24,12,2,optimalidad,19,1.468755966,0.000792,0.000792,0.000834,3,ok
estructura,vs_k,24,12,2,ambas,1,1.468755966,0.000375,0.000375,0.000458,3,ok
estructura,vs_k,24,12,4,ninguna,2048,0.3350248915,0.026709,0.0265,0.027333,3,ok
estructura,vs_k,24,12,4,factibilidad,484,0.3350248915,0.007375,0.007125,0.007416,3,ok
estructura,vs_k,24,12,4,optimalidad,62,0.3350248915,0.003875,0.003834,0.003916,3,ok
estructura,vs_k,24,12,4,ambas,11,0.3350248915,0.001875,0.00175,0.001917,3,ok
estructura,vs_k,24,12,6,ninguna,44552,0.2449013321,0.536834,0.530167,0.551959,3,ok
estructura,vs_k,24,12,6,factibilidad,16170,0.2449013321,0.200541,0.198792,0.205959,3,ok
estructura,vs_k,24,12,6,optimalidad,37,0.2449013321,0.005209,0.005125,0.005334,3,ok
estructura,vs_k,24,12,6,ambas,21,0.2449013321,0.003542,0.003292,0.003542,3,ok
estructura,vs_k,24,12,8,ninguna,390656,0.2274760749,4.5115,4.508792,4.535334,3,ok
estructura,vs_k,24,12,8,factibilidad,175560,0.2274760749,2.085875,2.043375,2.101416,3,ok
estructura,vs_k,24,12,8,optimalidad,91,0.2274760749,0.007917,0.007792,0.008083,3,ok
estructura,vs_k,24,12,8,ambas,54,0.2274760749,0.005209,0.005208,0.00525,3,ok
estructura,vs_k,24,12,10,ninguna,1698160,0.205507905,19.324583,19.001917,19.469792,3,ok
estructura,vs_k,24,12,10,factibilidad,810084,0.205507905,9.132166,9.065667,9.285,3,ok
estructura,vs_k,24,12,10,optimalidad,28,0.205507905,0.004333,0.004333,0.00575,3,ok
estructura,vs_k,24,12,10,ambas,17,0.205507905,0.003125,0.003125,0.00325,3,ok
estructura,vs_k,24,12,12,ninguna,4194304,0.1459650009,45.85875,45.809083,45.999875,3,ok
estructura,vs_k,24,12,12,factibilidad,1790712,0.1459650009,19.305875,19.274792,19.391459,3,ok
estructura,vs_k,24,12,12,optimalidad,31,0.1459650009,0.004083,0.003917,0.004333,3,ok
estructura,vs_k,24,12,12,ambas,19,0.1459650009,0.002959,0.002917,0.002959,3,ok
estructura,vs_k,24,12,14,ninguna,6690448,0.1929891236,70.108584,69.692083,71.700875,3,ok
estructura,vs_k,24,12,14,factibilidad,1998724,0.1929891236,20.342583,20.2475,20.612167,3,ok
estructura,vs_k,24,12,14,optimalidad,264,0.1929891236,0.020875,0.020625,0.021208,3,ok
estructura,vs_k,24,12,14,ambas,173,0.1929891236,0.012875,0.012834,0.013042,3,ok
estructura,vs_k,24,12,16,ninguna,7997952,0.1267014066,81.415833,80.78075,83.249209,3,ok
estructura,vs_k,24,12,16,factibilidad,1136960,0.1267014066,11.00375,10.956125,11.187334,3,ok
estructura,vs_k,24,12,16,optimalidad,160,0.1267014066,0.011833,0.011708,0.012292,3,ok
estructura,vs_k,24,12,16,ambas,109,0.1267014066,0.007167,0.007083,0.007625,3,ok
estructura,vs_k,24,12,18,ninguna,8344056,0.1891623045,85.563166,85.007833,86.562625,3,ok
estructura,vs_k,24,12,18,factibilidad,319770,0.1891623045,2.859042,2.849375,2.882334,3,ok
estructura,vs_k,24,12,18,optimalidad,202,0.1891623045,0.0175,0.017209,0.0175,3,ok
estructura,vs_k,24,12,18,ambas,131,0.1891623045,0.007666,0.007666,0.007667,3,ok
estructura,vs_k,24,12,20,ninguna,8386560,0.1487699995,85.793042,85.251958,86.042834,3,ok
estructura,vs_k,24,12,20,factibilidad,40964,0.1487699995,0.343208,0.338959,0.346125,3,ok
estructura,vs_k,24,12,20,optimalidad,36,0.1487699995,0.004792,0.004625,0.004875,3,ok
estructura,vs_k,24,12,20,ambas,23,0.1487699995,0.002416,0.002292,0.002459,3,ok
estructura,vs_k,24,12,22,ninguna,8388584,0.1317371978,85.832833,84.668084,87.052417,3,ok
estructura,vs_k,24,12,22,factibilidad,2002,0.1317371978,0.016458,0.016083,0.016833,3,ok
estructura,vs_k,24,12,22,optimalidad,170,0.1317371978,0.011666,0.011625,0.011708,3,ok
estructura,vs_k,24,12,22,ambas,93,0.1317371978,0.00325,0.002917,0.003292,3,ok
estructura,vs_k,24,12,24,ninguna,8388608,0,86.3145,84.880125,87.010167,3,ok
estructura,vs_k,24,12,24,factibilidad,24,0,0.001334,0.001291,0.001417,3,ok
estructura,vs_k,24,12,24,optimalidad,1,0,0.001417,0.001333,0.0015,3,ok
estructura,vs_k,24,12,24,ambas,1,0,0.001084,0.001041,0.001125,3,ok
adversarial,vs_n,8,12,4,ninguna,64,1,0.0015,0.001416,0.0015,3,ok
adversarial,vs_n,8,12,4,factibilidad,36,1,0.001125,0.001042,0.001167,3,ok
adversarial,vs_n,8,12,4,optimalidad,14,1,0.001291,0.001125,0.001333,3,ok
adversarial,vs_n,8,12,4,ambas,9,1,0.001041,0.001,0.001041,3,ok
adversarial,vs_n,10,12,5,ninguna,256,1.414213562,0.003792,0.003792,0.003917,3,ok
adversarial,vs_n,10,12,5,factibilidad,140,1.414213562,0.002625,0.002625,0.002959,3,ok
adversarial,vs_n,10,12,5,optimalidad,32,1.414213562,0.002167,0.002042,0.002208,3,ok
adversarial,vs_n,10,12,5,ambas,17,1.414213562,0.001583,0.0015,0.001584,3,ok
adversarial,vs_n,12,12,6,ninguna,1024,1,0.012208,0.012167,0.012792,3,ok
adversarial,vs_n,12,12,6,factibilidad,540,1,0.007,0.006958,0.007125,3,ok
adversarial,vs_n,12,12,6,optimalidad,6,1,0.001125,0.001125,0.00125,3,ok
adversarial,vs_n,12,12,6,ambas,5,1,0.001,0.000958,0.001041,3,ok
adversarial,vs_n,14,12,7,ninguna,4096,1,0.046875,0.046625,0.047208,3,ok
adversarial,vs_n,14,12,7,factibilidad,2079,1,0.024,0.023958,0.024125,3,ok
adversarial,vs_n,14,12,7,optimalidad,7,1,0.001375,0.001375,0.001584,3,ok
adversarial,vs_n,14,12,7,ambas,6,1,0.001208,0.001166,0.001209,3,ok
adversarial,vs_n,16,12,8,ninguna,16384,1,0.185584,0.179291,0.241958,3,ok
adversarial,vs_n,16,12,8,factibilidad,8008,1,0.090875,0.090458,0.092584,3,ok
adversarial,vs_n,16,12,8,optimalidad,12,1,0.001958,0.001958,0.002083,3,ok
adversarial,vs_n,16,12,8,ambas,9,1,0.00175,0.001667,0.002,3,ok
adversarial,vs_n,18,12,9,ninguna,65536,1,0.718291,0.71425,0.727042,3,ok
adversarial,vs_n,18,12,9,factibilidad,30888,1,0.341833,0.341667,0.346083,3,ok
adversarial,vs_n,18,12,9,optimalidad,41,1,0.00375,0.003666,0.004,3,ok
adversarial,vs_n,18,12,9,ambas,30,1,0.002875,0.002833,0.002916,3,ok
adversarial,vs_n,20,12,10,ninguna,262144,1,2.79775,2.75025,2.838541,3,ok
adversarial,vs_n,20,12,10,factibilidad,119340,1,1.282292,1.279833,1.303792,3,ok
adversarial,vs_n,20,12,10,optimalidad,17,1,0.002875,0.00275,0.002917,3,ok
adversarial,vs_n,20,12,10,ambas,13,1,0.002083,0.002,0.002167,3,ok
adversarial,vs_n,22,12,11,ninguna,1048576,1,11.36775,11.302583,11.598791,3,ok
adversarial,vs_n,22,12,11,factibilidad,461890,1,5.023417,4.934084,5.027417,3,ok
adversarial,vs_n,22,12,11,optimalidad,26,1,0.004084,0.003583,0.00425,3,ok
adversarial,vs_n,22,12,11,ambas,18,1,0.002667,0.002583,0.002833,3,ok
adversarial,vs_n,24,12,12,ninguna,4194304,1,45.670875,45.552541,46.472792,3,ok
adversarial,vs_n,24,12,12,factibilidad,1790712,1,19.27175,19.016833,19.498708,3,ok
adversarial,vs_n,24,12,12,optimalidad,12,1,0.003125,0.003125,0.003417,3,ok
adversarial,vs_n,24,12,12,ambas,11,1,0.002417,0.002417,0.0025,3,ok
adversarial,vs_n,26,12,13,ninguna,16777216,1,180.05775,176.733375,184.46275,3,ok
adversarial,vs_n,26,12,13,factibilidad,6953544,1,74.886833,74.335375,75.973542,3,ok
adversarial,vs_n,26,12,13,optimalidad,129,1,0.013792,0.013583,0.014083,3,ok
adversarial,vs_n,26,12,13,ambas,94,1,0.009292,0.009084,0.009458,3,ok
adversarial,vs_n,28,12,14,ninguna,67108864,1,708.276041,705.074459,715.565167,3,ok
adversarial,vs_n,28,12,14,factibilidad,27041560,1,283.660041,283.258375,284.011458,3,ok
adversarial,vs_n,28,12,14,optimalidad,76,1,0.008542,0.00825,0.008584,3,ok
adversarial,vs_n,28,12,14,ambas,56,1,0.005709,0.005708,0.006,3,ok
adversarial,vs_k,24,12,2,ninguna,24,1,0.000958,0.00075,0.001208,3,ok
adversarial,vs_k,24,12,2,factibilidad,2,1,0.000459,0.000375,0.0005,3,ok
adversarial,vs_k,24,12,2,optimalidad,2,1,0.000708,0.000667,0.000833,3,ok
adversarial,vs_k,24,12,2,ambas,1,1,0.000458,0.000416,0.000458,3,ok
adversarial,vs_k,24,12,4,ninguna,2048,1.732050808,0.026458,0.026375,0.026542,3,ok
adversarial,vs_k,24,12,4,factibilidad,484,1.732050808,0.006875,0.006875,0.009959,3,ok
adversarial,vs_k,24,12,4,optimalidad,61,1.732050808,0.006166,0.006125,0.00625,3,ok
adversarial,vs_k,24,12,4,ambas,32,1.732050808,0.003291,0.003125,0.0035,3,ok
adversarial,vs_k,24,12,6,ninguna,44552,1,0.534917,0.530417,0.539916,3,ok
adversarial,vs_k,24,12,6,factibilidad,16170,1,0.199584,0.198125,0.20275,3,ok
adversarial,vs_k,24,12,6,optimalidad,6,1,0.001958,0.001875,0.002,3,ok
adversarial,vs_k,24,12,6,ambas,5,1,0.001666,0.001625,0.001708,3,ok
adversarial,vs_k,24,12,8,ninguna,390656,1,4.556292,4.531125,4.611084,3,ok
adversarial,vs_k,24,12,8,factibilidad,175560,1,2.064417,2.05725,2.067,3,ok
adversarial,vs_k,24,12,8,optimalidad,60,1,0.005125,0.004875,0.005292,3,ok
adversarial,vs_k,24,12,8,ambas,29,1,0.002959,0.002958,0.003084,3,ok
adversarial,vs_k,24,12,10,ninguna,1698160,1,19.269708,19.037625,19.590916,3,ok
adversarial,vs_k,24,12,10,factibilidad,810084,1,9.094708,9.053042,9.102834,3,ok
adversarial,vs_k,24,12,10,optimalidad,10,1,0.002834,0.002708,0.002958,3,ok
adversarial,vs_k,24,12,10,ambas,9,1,0.002292,0.00225,0.002417,3,ok
adversarial,vs_k,24,12,12,ninguna,4194304,1,45.585667,45.222417,45.657417,3,ok
adversarial,vs_k,24,12,12,factibilidad,1790712,1,19.1705,19.123209,19.438834,3,ok
adversarial,vs_k,24,12,12,optimalidad,12,1,0.003166,0.003083,0.00325,3,ok
adversarial,vs_k,24,12,12,ambas,11,1,0.0025,0.002459,0.003125,3,ok
adversarial,vs_k,24,12,14,ninguna,6690448,1,69.901708,69.874959,70.406584,3,ok
adversarial,vs_k,24,12,14,factibilidad,1998724,1,20.771458,20.509667,20.777375,3,ok
adversarial,vs_k,24,12,14,optimalidad,14,1,0.003375,0.003333,0.004208,3,ok
adversarial,vs_k,24,12,14,ambas,13,1,0.002416,0.00225,0.0025,3,ok
adversarial,vs_k,24,12,16,ninguna,7997952,1,83.775833,83.049958,86.077708,3,ok
adversarial,vs_k,24,12,16,factibilidad,1136960,1,11.016542,10.999542,11.877958,3,ok
adversarial,vs_k,24,12,16,optimalidad,125,1,0.010083,0.009917,0.010333,3,ok
adversarial,vs_k,24,12,16,ambas,89,1,0.005875,0.005666,0.005917,3,ok
adversarial,vs_k,24,12,18,ninguna,8344056,1,86.262167,85.2715,87.413208,3,ok
adversarial,vs_k,24,12,18,factibilidad,319770,1,2.845125,2.836417,2.960583,3,ok
adversarial,vs_k,24,12,18,optimalidad,57,1,0.005916,0.005792,0.005958,3,ok
adversarial,vs_k,24,12,18,ambas,42,1,0.003625,0.003417,0.003708,3,ok
adversarial,vs_k,24,12,20,ninguna,8386560,1,86.109459,85.561,87.844708,3,ok
adversarial,vs_k,24,12,20,factibilidad,40964,1,0.33775,0.336208,0.340292,3,ok
adversarial,vs_k,24,12,20,optimalidad,82,1,0.006834,0.006667,0.007,3,ok
adversarial,vs_k,24,12,20,ambas,54,1,0.003292,0.003083,0.003333,3,ok
adversarial,vs_k,24,12,22,ninguna,8388584,1,86.231625,85.303334,86.451167,3,ok
adversarial,vs_k,24,12,22,factibilidad,2002,1,0.017042,0.016334,0.017083,3,ok
adversarial,vs_k,24,12,22,optimalidad,120,1,0.008209,0.008083,0.008375,3,ok
adversarial,vs_k,24,12,22,ambas,48,1,0.002417,0.002375,0.002667,3,ok
adversarial,vs_k,24,12,24,ninguna,8388608,0,85.831125,84.899792,86.38625,3,ok
adversarial,vs_k,24,12,24,factibilidad,24,0,0.001208,0.001208,0.001209,3,ok
adversarial,vs_k,24,12,24,optimalidad,1,0,0.001375,0.001375,0.001542,3,ok
adversarial,vs_k,24,12,24,ambas,1,0,0.001125,0.001125,0.001541,3,ok
